[{"id": "10", "name": "Graylog2__fdse__graylog2-server"}, {"id": "1015", "name": "reactor__fdse__reactor-core"}, {"id": "1023", "name": "line__fdse__armeria"}, {"id": "1026", "name": "spotify__fdse__apollo"}, {"id": "1040", "name": "changmingxie__fdse__tcc-transaction"}, {"id": "1056", "name": "abel533__fdse__MyBatis-Spring-Boot"}, {"id": "1098", "name": "Alluxio__fdse__alluxio"}, {"id": "1103", "name": "btraceio__fdse__btrace"}, {"id": "1107", "name": "prestodb__fdse__presto"}, {"id": "1109", "name": "junit-team__fdse__junit4"}, {"id": "1114", "name": "mybatis__fdse__spring-boot-starter"}, {"id": "1116", "name": "orbit__fdse__orbit"}, {"id": "1136", "name": "linkedin__fdse__ambry"}, {"id": "1137", "name": "graphql-java__fdse__graphql-java"}, {"id": "115", "name": "tananaev__fdse__traccar"}, {"id": "1156", "name": "apache__fdse__zeppelin"}, {"id": "1157", "name": "jhalterman__fdse__failsafe"}, {"id": "116", "name": "awaitility__fdse__awaitility"}, {"id": "1170", "name": "Grover-c13__fdse__PokeGOAPI-Java"}, {"id": "1179", "name": "bootique__fdse__bootique"}, {"id": "118", "name": "searchbox-io__fdse__Jest"}, {"id": "1201", "name": "web3j__fdse__web3j"}, {"id": "1202", "name": "redisson__fdse__redisson"}, {"id": "1207", "name": "gchq__fdse__Gaffer"}, {"id": "1213", "name": "shuzheng__fdse__zheng"}, {"id": "123", "name": "apache__fdse__activemq"}, {"id": "1237", "name": "powermock__fdse__powermock"}, {"id": "1238", "name": "vaadin__fdse__framework"}, {"id": "1239", "name": "apache__fdse__geode"}, {"id": "1240", "name": "thingsboard__fdse__thingsboard"}, {"id": "1261", "name": "apache__fdse__beam"}, {"id": "1265", "name": "JanusGraph__fdse__janusgraph"}, {"id": "1269", "name": "openhab__fdse__openhab1-addons"}, {"id": "127", "name": "FasterXML__fdse__jackson-core"}, {"id": "128", "name": "FasterXML__fdse__jackson-databind"}, {"id": "1286", "name": "JeffLi1993__fdse__springboot-learning-example"}, {"id": "130", "name": "apache__fdse__hadoop"}, {"id": "1306", "name": "lettuce-io__fdse__lettuce-core"}, {"id": "131", "name": "jOOQ__fdse__jOOQ"}, {"id": "1325", "name": "vavr-io__fdse__vavr"}, {"id": "1342", "name": "Tencent__fdse__angel"}, {"id": "1344", "name": "apache__fdse__incubator-pulsar"}, {"id": "1356", "name": "vespa-engine__fdse__vespa"}, {"id": "1358", "name": "zouzg__fdse__mybatis-generator-gui"}, {"id": "1362", "name": "confluentinc__fdse__ksql"}, {"id": "1367", "name": "shardingjdbc__fdse__sharding-jdbc"}, {"id": "1370", "name": "apache__fdse__rocketmq"}, {"id": "1374", "name": "Kong__fdse__unirest-java"}, {"id": "138", "name": "apache__fdse__kafka"}, {"id": "1383", "name": "infinispan__fdse__infinispan"}, {"id": "1389", "name": "plutext__fdse__docx4j"}, {"id": "1391", "name": "eugenp__fdse__REST-With-Spring"}, {"id": "1399", "name": "rhuss__fdse__jolokia"}, {"id": "1400", "name": "apache__fdse__avro"}, {"id": "1403", "name": "eclipse__fdse__jgit"}, {"id": "1407", "name": "FluentLenium__fdse__FluentLenium"}, {"id": "1409", "name": "cbeust__fdse__testng"}, {"id": "1416", "name": "jknack__fdse__handlebars.java"}, {"id": "1417", "name": "cloudfoundry__fdse__uaa"}, {"id": "1418", "name": "mitreid-connect__fdse__OpenID-Connect-Java-Spring-Server"}, {"id": "1423", "name": "geotools__fdse__geotools"}, {"id": "1428", "name": "Netflix__fdse__astyanax"}, {"id": "143", "name": "apache__fdse__flume"}, {"id": "1434", "name": "zeroturnaround__fdse__zt-zip"}, {"id": "1439", "name": "resteasy__fdse__Resteasy"}, {"id": "1447", "name": "winder__fdse__Universal-G-Code-Sender"}, {"id": "1450", "name": "openmrs__fdse__openmrs-core"}, {"id": "1452", "name": "AxonFramework__fdse__AxonFramework"}, {"id": "1464", "name": "impetus-opensource__fdse__Kundera"}, {"id": "1468", "name": "apache__fdse__ambari"}, {"id": "1469", "name": "eclipse__fdse__paho.mqtt.java"}, {"id": "147", "name": "thymeleaf__fdse__thymeleaf"}, {"id": "1470", "name": "flyingsaucerproject__fdse__flyingsaucer"}, {"id": "1471", "name": "javalite__fdse__activejdbc"}, {"id": "1474", "name": "ocpsoft__fdse__prettytime"}, {"id": "1481", "name": "FasterXML__fdse__jackson-annotations"}, {"id": "1492", "name": "belaban__fdse__JGroups"}, {"id": "1493", "name": "pentaho__fdse__mondrian"}, {"id": "1494", "name": "Sable__fdse__soot"}, {"id": "1498", "name": "killme2008__fdse__xmemcached"}, {"id": "15", "name": "nutzam__fdse__nutz"}, {"id": "1502", "name": "SmartBear__fdse__soapui"}, {"id": "1504", "name": "timmolter__fdse__XChart"}, {"id": "1505", "name": "i2p__fdse__i2p.i2p"}, {"id": "152", "name": "qos-ch__fdse__logback"}, {"id": "1526", "name": "apache__fdse__pdfbox"}, {"id": "1532", "name": "UniversalMediaServer__fdse__UniversalMediaServer"}, {"id": "1534", "name": "pholser__fdse__junit-quickcheck"}, {"id": "1540", "name": "DiUS__fdse__java-faker"}, {"id": "1541", "name": "ajanata__fdse__PretendYoureXyzzy"}, {"id": "1542", "name": "JetBrains__fdse__intellij-plugins"}, {"id": "1544", "name": "apache__fdse__tika"}, {"id": "1547", "name": "ktoso__fdse__maven-git-commit-id-plugin"}, {"id": "155", "name": "apache__fdse__shiro"}, {"id": "1552", "name": "magefree__fdse__mage"}, {"id": "1554", "name": "codeborne__fdse__selenide"}, {"id": "1556", "name": "apache__fdse__maven"}, {"id": "1558", "name": "objectify__fdse__objectify"}, {"id": "1565", "name": "Pi4J__fdse__pi4j"}, {"id": "1570", "name": "linkedin__fdse__parseq"}, {"id": "1574", "name": "facebook__fdse__swift"}, {"id": "1575", "name": "facebook__fdse__nifty"}, {"id": "1578", "name": "kenglxn__fdse__QRGen"}, {"id": "1585", "name": "facebook__fdse__jcommon"}, {"id": "1590", "name": "intel-hadoop__fdse__HiBench"}, {"id": "1593", "name": "dboissier__fdse__mongo4idea"}, {"id": "1594", "name": "decebals__fdse__pf4j"}, {"id": "1596", "name": "datastax__fdse__java-driver"}, {"id": "1602", "name": "mulesoft__fdse__mule"}, {"id": "1608", "name": "lviggiano__fdse__owner"}, {"id": "1612", "name": "p6spy__fdse__p6spy"}, {"id": "163", "name": "yasserg__fdse__crawler4j"}, {"id": "1630", "name": "Netflix__fdse__EVCache"}, {"id": "1631", "name": "logstash__fdse__logstash-logback-encoder"}, {"id": "164", "name": "tomakehurst__fdse__wiremock"}, {"id": "165", "name": "azkaban__fdse__azkaban"}, {"id": "1655", "name": "mapstruct__fdse__mapstruct"}, {"id": "1658", "name": "gwtproject__fdse__gwt"}, {"id": "1659", "name": "openzipkin__fdse__brave"}, {"id": "166", "name": "spockframework__fdse__spock"}, {"id": "1663", "name": "JabRef__fdse__jabref"}, {"id": "1665", "name": "apache__fdse__cloudstack"}, {"id": "1669", "name": "consulo__fdse__consulo"}, {"id": "1670", "name": "jitsi__fdse__jitsi-videobridge"}, {"id": "1674", "name": "centic9__fdse__jgit-cookbook"}, {"id": "1676", "name": "graphhopper__fdse__jsprit"}, {"id": "1677", "name": "bcgit__fdse__bc-java"}, {"id": "1678", "name": "glyptodon__fdse__guacamole-client"}, {"id": "1682", "name": "Netflix__fdse__genie"}, {"id": "1686", "name": "bazaarvoice__fdse__jolt"}, {"id": "1689", "name": "SpigotMC__fdse__BungeeCord"}, {"id": "169", "name": "chewiebug__fdse__GCViewer"}, {"id": "1691", "name": "jan-molak__fdse__jenkins-build-monitor-plugin"}, {"id": "1700", "name": "spring-projects__fdse__spring-data-mongodb"}, {"id": "1702", "name": "spring-projects__fdse__spring-data-rest"}, {"id": "1703", "name": "spring-projects__fdse__spring-batch"}, {"id": "1704", "name": "spring-projects__fdse__spring-data-redis"}, {"id": "1705", "name": "spring-projects__fdse__spring-integration"}, {"id": "1707", "name": "spring-projects__fdse__spring-roo"}, {"id": "1708", "name": "spring-projects__fdse__spring-hateoas"}, {"id": "171", "name": "mrniko__fdse__netty-socketio"}, {"id": "1713", "name": "relayrides__fdse__pushy"}, {"id": "1716", "name": "rackerlabs__fdse__blueflood"}, {"id": "1718", "name": "komoot__fdse__photon"}, {"id": "172", "name": "undertow-io__fdse__undertow"}, {"id": "1723", "name": "spring-guides__fdse__gs-rest-service"}, {"id": "173", "name": "medcl__fdse__elasticsearch-analysis-ik"}, {"id": "1733", "name": "mplushnikov__fdse__lombok-intellij-plugin"}, {"id": "1738", "name": "konsoletyper__fdse__teavm"}, {"id": "174", "name": "DozerMapper__fdse__dozer"}, {"id": "1749", "name": "EsotericSoftware__fdse__reflectasm"}, {"id": "175", "name": "timmolter__fdse__XChange"}, {"id": "1752", "name": "apache__fdse__aurora"}, {"id": "1753", "name": "mitre__fdse__HTTP-Proxy-Servlet"}, {"id": "1754", "name": "tdunning__fdse__t-digest"}, {"id": "1755", "name": "HubSpot__fdse__Singularity"}, {"id": "1758", "name": "HotswapProjects__fdse__HotswapAgent"}, {"id": "1765", "name": "itext__fdse__itextpdf"}, {"id": "1768", "name": "sscarduzio__fdse__elasticsearch-readonlyrest-plugin"}, {"id": "177", "name": "apache__fdse__tomcat"}, {"id": "1770", "name": "shopizer-ecommerce__fdse__shopizer"}, {"id": "1772", "name": "huanghongxun__fdse__HMCL"}, {"id": "1776", "name": "hcoles__fdse__pitest"}, {"id": "1778", "name": "eclipse__fdse__smarthome"}, {"id": "178", "name": "antlr__fdse__antlr4"}, {"id": "1784", "name": "apache__fdse__struts"}, {"id": "1792", "name": "MyCollab__fdse__mycollab"}, {"id": "1793", "name": "jbake-org__fdse__jbake"}, {"id": "1798", "name": "takari__fdse__polyglot-maven"}, {"id": "18", "name": "Netflix__fdse__servo"}, {"id": "180", "name": "perwendel__fdse__spark"}, {"id": "1806", "name": "vladmihalcea__fdse__flexy-pool"}, {"id": "1808", "name": "RoaringBitmap__fdse__RoaringBitmap"}, {"id": "1809", "name": "apache__fdse__curator"}, {"id": "1815", "name": "ysc__fdse__word"}, {"id": "1819", "name": "fabric8io__fdse__docker-maven-plugin"}, {"id": "1835", "name": "Nukkit__fdse__Nukkit"}, {"id": "1837", "name": "mimno__fdse__Mallet"}, {"id": "184", "name": "AsyncHttpClient__fdse__async-http-client"}, {"id": "1840", "name": "bytedeco__fdse__javacpp-presets"}, {"id": "1852", "name": "foxinmy__fdse__weixin4j"}, {"id": "1856", "name": "openhab__fdse__openhab2-addons"}, {"id": "186", "name": "apache__fdse__commons-lang"}, {"id": "1865", "name": "docker-java__fdse__docker-java"}, {"id": "1868", "name": "spotify__fdse__docker-client"}, {"id": "1874", "name": "libgdx__fdse__ashley"}, {"id": "1877", "name": "hsz__fdse__idea-gitignore"}, {"id": "1878", "name": "jamesagnew__fdse__hapi-fhir"}, {"id": "188", "name": "elastic__fdse__elasticsearch-hadoop"}, {"id": "1886", "name": "jenkinsci__fdse__gitlab-plugin"}, {"id": "1888", "name": "lenskit__fdse__lenskit"}, {"id": "1895", "name": "sockeqwe__fdse__fragmentargs"}, {"id": "190", "name": "aragozin__fdse__jvm-tools"}, {"id": "1906", "name": "jfaster__fdse__mango"}, {"id": "1907", "name": "awslabs__fdse__aws-big-data-blog"}, {"id": "1909", "name": "ehcache__fdse__ehcache3"}, {"id": "1910", "name": "xerial__fdse__sqlite-jdbc"}, {"id": "1919", "name": "lukehutch__fdse__fast-classpath-scanner"}, {"id": "192", "name": "jacoco__fdse__jacoco"}, {"id": "1920", "name": "ReactiveX__fdse__RxNetty"}, {"id": "1925", "name": "SpongePowered__fdse__SpongeAPI"}, {"id": "1926", "name": "GlowstoneMC__fdse__Glowstone"}, {"id": "1928", "name": "googlemaps__fdse__google-maps-services-java"}, {"id": "1929", "name": "davidmoten__fdse__rtree"}, {"id": "193", "name": "mockito__fdse__mockito"}, {"id": "1942", "name": "AppliedEnergistics__fdse__Applied-Energistics-2"}, {"id": "1944", "name": "mahmoudparsian__fdse__data-algorithms-book"}, {"id": "1948", "name": "abel533__fdse__ECharts"}, {"id": "195", "name": "jfinal__fdse__jfinal"}, {"id": "1954", "name": "andsel__fdse__moquette"}, {"id": "1963", "name": "datumbox__fdse__datumbox-framework"}, {"id": "1964", "name": "apache__fdse__calcite"}, {"id": "197", "name": "Netflix__fdse__eureka"}, {"id": "1971", "name": "decebals__fdse__pippo"}, {"id": "198", "name": "oblac__fdse__jodd"}, {"id": "1980", "name": "real-logic__fdse__agrona"}, {"id": "1993", "name": "apache__fdse__drill"}, {"id": "1996", "name": "asciidocfx__fdse__AsciidocFX"}, {"id": "2", "name": "Netflix__fdse__SimianArmy"}, {"id": "20", "name": "elastic__fdse__elasticsearch"}, {"id": "200", "name": "Activiti__fdse__Activiti"}, {"id": "2004", "name": "apache__fdse__nifi"}, {"id": "2009", "name": "abel533__fdse__Mybatis-Spring"}, {"id": "2016", "name": "GoogleCloudPlatform__fdse__DataflowJavaSDK"}, {"id": "2025", "name": "jdbi__fdse__jdbi"}, {"id": "2048", "name": "zendesk__fdse__maxwell"}, {"id": "205", "name": "LMAX-Exchange__fdse__disruptor"}, {"id": "2055", "name": "restfb__fdse__restfb"}, {"id": "2056", "name": "spring-projects__fdse__spring-restdocs"}, {"id": "2065", "name": "confluentinc__fdse__kafka-rest"}, {"id": "2066", "name": "confluentinc__fdse__schema-registry"}, {"id": "2067", "name": "qiujiayu__fdse__AutoLoadCache"}, {"id": "207", "name": "JesusFreke__fdse__smali"}, {"id": "208", "name": "square__fdse__tape"}, {"id": "2081", "name": "psi-probe__fdse__psi-probe"}, {"id": "2086", "name": "yacy__fdse__yacy_search_server"}, {"id": "2087", "name": "blynkkk__fdse__blynk-server"}, {"id": "2089", "name": "AlmasB__fdse__FXGL"}, {"id": "209", "name": "sarxos__fdse__webcam-capture"}, {"id": "21", "name": "spullara__fdse__mustache.java"}, {"id": "2111", "name": "cincheo__fdse__jsweet"}, {"id": "2112", "name": "testcontainers__fdse__testcontainers-java"}, {"id": "2123", "name": "apache__fdse__parquet-mr"}, {"id": "2128", "name": "square__fdse__haha"}, {"id": "213", "name": "zeromq__fdse__jeromq"}, {"id": "2130", "name": "dcendents__fdse__android-maven-gradle-plugin"}, {"id": "217", "name": "neo4j__fdse__neo4j"}, {"id": "2178", "name": "rubenlagus__fdse__TelegramBots"}, {"id": "218", "name": "dreamhead__fdse__moco"}, {"id": "2183", "name": "mabe02__fdse__lanterna"}, {"id": "220", "name": "aws__fdse__aws-sdk-java"}, {"id": "2204", "name": "rharter__fdse__auto-value-gson"}, {"id": "221", "name": "killbill__fdse__killbill"}, {"id": "223", "name": "Netflix__fdse__Hystrix"}, {"id": "2230", "name": "Netflix__fdse__Fenzo"}, {"id": "225", "name": "flyway__fdse__flyway"}, {"id": "2272", "name": "palantir__fdse__atlasdb"}, {"id": "23", "name": "bigbluebutton__fdse__bigbluebutton"}, {"id": "2307", "name": "zhegexiaohuozi__fdse__SeimiCrawler"}, {"id": "2318", "name": "spotify__fdse__heroic"}, {"id": "2325", "name": "eclipse__fdse__eclipse-collections"}, {"id": "2336", "name": "find-sec-bugs__fdse__find-sec-bugs"}, {"id": "2386", "name": "debezium__fdse__debezium"}, {"id": "2391", "name": "LogNet__fdse__grpc-spring-boot-starter"}, {"id": "2395", "name": "aimacode__fdse__aima-java"}, {"id": "2396", "name": "alibaba__fdse__transmittable-thread-local"}, {"id": "2398", "name": "aol__fdse__cyclops-react"}, {"id": "240", "name": "jmxtrans__fdse__jmxtrans"}, {"id": "2400", "name": "lealone__fdse__Lealone"}, {"id": "2404", "name": "linkedin__fdse__WhereHows"}, {"id": "2405", "name": "PebbleTemplates__fdse__pebble"}, {"id": "2408", "name": "spotify__fdse__dockerfile-maven"}, {"id": "241", "name": "ratpack__fdse__ratpack"}, {"id": "2410", "name": "AsamK__fdse__signal-cli"}, {"id": "2413", "name": "rakam-io__fdse__rakam"}, {"id": "2423", "name": "neo4j-contrib__fdse__neo4j-apoc-procedures"}, {"id": "2430", "name": "linkedin__fdse__kafka-monitor"}, {"id": "245", "name": "Netflix__fdse__ribbon"}, {"id": "2450", "name": "apache__fdse__tinkerpop"}, {"id": "2453", "name": "treasure-data__fdse__digdag"}, {"id": "2493", "name": "ebean-orm__fdse__ebean"}, {"id": "2512", "name": "ramswaroop__fdse__jbot"}, {"id": "2520", "name": "GoogleCloudPlatform__fdse__google-cloud-java"}, {"id": "2550", "name": "graknlabs__fdse__grakn"}, {"id": "2566", "name": "Netflix__fdse__hollow"}, {"id": "2574", "name": "zalando__fdse__zalenium"}, {"id": "258", "name": "square__fdse__javapoet"}, {"id": "259", "name": "skavanagh__fdse__KeyBox"}, {"id": "2594", "name": "kohsuke__fdse__jenkins"}, {"id": "2598", "name": "simon987__fdse__Much-Assembly-Required"}, {"id": "260", "name": "mybatis__fdse__spring"}, {"id": "2609", "name": "intuit__fdse__karate"}, {"id": "261", "name": "linkedin__fdse__rest.li"}, {"id": "2611", "name": "Sixt__fdse__ja-micro"}, {"id": "262", "name": "mybatis__fdse__mybatis-3"}, {"id": "2635", "name": "modelmapper__fdse__modelmapper"}, {"id": "2638", "name": "resilience4j__fdse__resilience4j"}, {"id": "2639", "name": "jvm-profiling-tools__fdse__honest-profiler"}, {"id": "264", "name": "mybatis__fdse__generator"}, {"id": "2659", "name": "java-json-tools__fdse__json-schema-validator"}, {"id": "2660", "name": "Javen205__fdse__IJPay"}, {"id": "2661", "name": "networknt__fdse__light-4j"}, {"id": "2663", "name": "apache__fdse__carbondata"}, {"id": "2669", "name": "j-easy__fdse__easy-rules"}, {"id": "2673", "name": "apache__fdse__systemml"}, {"id": "2678", "name": "FlowCI__fdse__flow-platform"}, {"id": "2679", "name": "micrometer-metrics__fdse__micrometer"}, {"id": "268", "name": "alibaba__fdse__canal"}, {"id": "2682", "name": "iBase4J__fdse__iBase4J"}, {"id": "2690", "name": "linkedin__fdse__cruise-control"}, {"id": "2695", "name": "gaul__fdse__s3proxy"}, {"id": "270", "name": "alibaba__fdse__druid"}, {"id": "2703", "name": "alibaba__fdse__Dragonfly"}, {"id": "271", "name": "alibaba__fdse__fastjson"}, {"id": "2712", "name": "floodlight__fdse__floodlight"}, {"id": "2714", "name": "apache__fdse__poi"}, {"id": "275", "name": "j256__fdse__ormlite-android"}, {"id": "277", "name": "joel-costigliola__fdse__assertj-core"}, {"id": "2784", "name": "caprica__fdse__vlcj"}, {"id": "279", "name": "skylot__fdse__jadx"}, {"id": "282", "name": "Athou__fdse__commafeed"}, {"id": "2836", "name": "jshiell__fdse__checkstyle-idea"}, {"id": "288", "name": "NanoHttpd__fdse__nanohttpd"}, {"id": "2890", "name": "jnr__fdse__jnr-ffi"}, {"id": "2902", "name": "structr__fdse__structr"}, {"id": "2920", "name": "samskivert__fdse__jmustache"}, {"id": "2926", "name": "pgjdbc__fdse__pgjdbc"}, {"id": "2979", "name": "hibernate__fdse__hibernate-validator"}, {"id": "2983", "name": "fusesource__fdse__jansi"}, {"id": "30", "name": "square__fdse__okhttp"}, {"id": "302", "name": "jamesdbloom__fdse__mockserver"}, {"id": "3020", "name": "rabbitmq__fdse__rabbitmq-java-client"}, {"id": "3046", "name": "killme2008__fdse__aviator"}, {"id": "3059", "name": "atilika__fdse__kuromoji"}, {"id": "3075", "name": "oshi__fdse__oshi"}, {"id": "3106", "name": "apache__fdse__opennlp"}, {"id": "311", "name": "ronmamo__fdse__reflections"}, {"id": "3149", "name": "ron190__fdse__jsql-injection"}, {"id": "318", "name": "ninjaframework__fdse__ninja"}, {"id": "319", "name": "JSQLParser__fdse__JSqlParser"}, {"id": "32", "name": "geoserver__fdse__geoserver"}, {"id": "322", "name": "Netflix__fdse__zuul"}, {"id": "3220", "name": "prometheus__fdse__client_java"}, {"id": "3226", "name": "ralfstx__fdse__minimal-json"}, {"id": "328", "name": "stanfordnlp__fdse__CoreNLP"}, {"id": "3336", "name": "kermitt2__fdse__grobid"}, {"id": "338", "name": "orfjackal__fdse__retrolambda"}, {"id": "34", "name": "clojure__fdse__clojure"}, {"id": "3411", "name": "apache__fdse__logging-log4j2"}, {"id": "3436", "name": "spring-projects__fdse__spring-data-neo4j"}, {"id": "346", "name": "google__fdse__auto"}, {"id": "347", "name": "eclipse__fdse__vert.x"}, {"id": "349", "name": "languagetool-org__fdse__languagetool"}, {"id": "3498", "name": "OpenHFT__fdse__Java-Thread-Affinity"}, {"id": "351", "name": "spring-projects__fdse__spring-framework"}, {"id": "352", "name": "spring-projects__fdse__spring-data-jpa"}, {"id": "3554", "name": "influxdata__fdse__influxdb-java"}, {"id": "357", "name": "spring-projects__fdse__spring-security"}, {"id": "359", "name": "spring-projects__fdse__spring-boot"}, {"id": "3600", "name": "INRIA__fdse__spoon"}, {"id": "361", "name": "spring-projects__fdse__spring-security-oauth"}, {"id": "363", "name": "alibaba__fdse__otter"}, {"id": "365", "name": "square__fdse__wire"}, {"id": "3660", "name": "brmson__fdse__yodaqa"}, {"id": "3664", "name": "my2iu__fdse__Jinq"}, {"id": "368", "name": "checkstyle__fdse__checkstyle"}, {"id": "37", "name": "Atmosphere__fdse__atmosphere"}, {"id": "370", "name": "spring-projects__fdse__spring-integration-samples"}, {"id": "371", "name": "spring-projects__fdse__spring-petclinic"}, {"id": "372", "name": "spring-projects__fdse__spring-mvc-showcase"}, {"id": "38", "name": "jhy__fdse__jsoup"}, {"id": "381", "name": "AdoptOpenJDK__fdse__jitwatch"}, {"id": "383", "name": "pentaho__fdse__pentaho-kettle"}, {"id": "3837", "name": "uniVocity__fdse__univocity-parsers"}, {"id": "384", "name": "eirslett__fdse__frontend-maven-plugin"}, {"id": "388", "name": "brettwooldridge__fdse__HikariCP"}, {"id": "3922", "name": "andytill__fdse__erlyberly"}, {"id": "4", "name": "netty__fdse__netty"}, {"id": "40", "name": "brianfrankcooper__fdse__YCSB"}, {"id": "4014", "name": "stuxuhai__fdse__HData"}, {"id": "4025", "name": "rancher__fdse__cattle"}, {"id": "404", "name": "opentripplanner__fdse__OpenTripPlanner"}, {"id": "4041", "name": "prometheus__fdse__jmx_exporter"}, {"id": "4049", "name": "opennetworkinglab__fdse__onos"}, {"id": "407", "name": "javaee-samples__fdse__javaee7-samples"}, {"id": "41", "name": "scribejava__fdse__scribejava"}, {"id": "410", "name": "galenframework__fdse__galen"}, {"id": "412", "name": "real-logic__fdse__simple-binary-encoding"}, {"id": "413", "name": "youtube__fdse__api-samples"}, {"id": "414", "name": "Red5__fdse__red5-server"}, {"id": "42", "name": "cbeust__fdse__jcommander"}, {"id": "4233", "name": "bonigarcia__fdse__webdrivermanager"}, {"id": "4274", "name": "GoogleCloudPlatform__fdse__java-docs-samples"}, {"id": "430", "name": "guoguibing__fdse__librec"}, {"id": "438", "name": "pbreault__fdse__adb-idea"}, {"id": "439", "name": "HdrHistogram__fdse__HdrHistogram"}, {"id": "4408", "name": "b3log__fdse__latke"}, {"id": "443", "name": "google__fdse__jimfs"}, {"id": "446", "name": "google__fdse__j2objc"}, {"id": "447", "name": "dropwizard__fdse__metrics"}, {"id": "448", "name": "spring-projects__fdse__spring-data-examples"}, {"id": "449", "name": "atomix__fdse__atomix"}, {"id": "4493", "name": "DataSketches__fdse__sketches-core"}, {"id": "450", "name": "cryptomator__fdse__cryptomator"}, {"id": "451", "name": "igniterealtime__fdse__Smack"}, {"id": "4516", "name": "fengjiachun__fdse__Jupiter"}, {"id": "4600", "name": "streamsets__fdse__datacollector"}, {"id": "464", "name": "jOOQ__fdse__jOOL"}, {"id": "465", "name": "crate__fdse__crate"}, {"id": "477", "name": "javamelody__fdse__javamelody"}, {"id": "478", "name": "SonarSource__fdse__sonarqube"}, {"id": "481", "name": "stagemonitor__fdse__stagemonitor"}, {"id": "482", "name": "spring-io__fdse__sagan"}, {"id": "4859", "name": "JakeWharton__fdse__dex-method-list"}, {"id": "486", "name": "igniterealtime__fdse__Openfire"}, {"id": "487", "name": "rapidoid__fdse__rapidoid"}, {"id": "492", "name": "pinterest__fdse__secor"}, {"id": "493", "name": "looly__fdse__hutool"}, {"id": "499", "name": "liyiorg__fdse__weixin-popular"}, {"id": "5", "name": "MovingBlocks__fdse__Terasology"}, {"id": "50", "name": "apereo__fdse__cas"}, {"id": "501", "name": "bytedeco__fdse__javacv"}, {"id": "502", "name": "bytedeco__fdse__javacpp"}, {"id": "504", "name": "tdebatty__fdse__java-string-similarity"}, {"id": "508", "name": "querydsl__fdse__querydsl"}, {"id": "5172", "name": "Baeldung__fdse__spring-security-registration"}, {"id": "52", "name": "mongodb__fdse__mongo-java-driver"}, {"id": "5214", "name": "wycm__fdse__zhihu-crawler"}, {"id": "525", "name": "JCTools__fdse__JCTools"}, {"id": "5293", "name": "o19s__fdse__elasticsearch-learning-to-rank"}, {"id": "532", "name": "spotify__fdse__helios"}, {"id": "5333", "name": "zstackio__fdse__zstack"}, {"id": "536", "name": "pagehelper__fdse__Mybatis-PageHelper"}, {"id": "541", "name": "google__fdse__truth"}, {"id": "542", "name": "spring-projects__fdse__spring-session"}, {"id": "543", "name": "ethereum__fdse__ethereumj"}, {"id": "547", "name": "spotify__fdse__docker-maven-plugin"}, {"id": "5501", "name": "SpringForAll__fdse__spring-boot-starter-swagger"}, {"id": "5507", "name": "FXMisc__fdse__RichTextFX"}, {"id": "552", "name": "kairosdb__fdse__kairosdb"}, {"id": "556", "name": "google__fdse__guice"}, {"id": "56", "name": "swagger-api__fdse__swagger-core"}, {"id": "562", "name": "CrawlScript__fdse__WebCollector"}, {"id": "565", "name": "OpenHFT__fdse__Chronicle-Map"}, {"id": "567", "name": "MyCATApache__fdse__Mycat-Server"}, {"id": "588", "name": "vert-x3__fdse__vertx-examples"}, {"id": "591", "name": "ReactiveX__fdse__RxJava"}, {"id": "596", "name": "google__fdse__error-prone"}, {"id": "599", "name": "NLPchina__fdse__elasticsearch-sql"}, {"id": "6", "name": "xetorthio__fdse__jedis"}, {"id": "60", "name": "apache__fdse__hive"}, {"id": "602", "name": "apache__fdse__storm"}, {"id": "613", "name": "OpenHFT__fdse__Chronicle-Queue"}, {"id": "63", "name": "apache__fdse__hbase"}, {"id": "633", "name": "NLPchina__fdse__ansj_seg"}, {"id": "638", "name": "immutables__fdse__immutables"}, {"id": "649", "name": "twitter__fdse__elephant-bird"}, {"id": "650", "name": "ltsopensource__fdse__light-task-scheduler"}, {"id": "654", "name": "deeplearning4j__fdse__deeplearning4j"}, {"id": "660", "name": "google__fdse__guava"}, {"id": "663", "name": "real-logic__fdse__aeron"}, {"id": "668", "name": "h2oai__fdse__h2o-3"}, {"id": "672", "name": "pac4j__fdse__pac4j"}, {"id": "678", "name": "abel533__fdse__Mapper"}, {"id": "68", "name": "alibaba__fdse__dubbo"}, {"id": "686", "name": "ben-manes__fdse__caffeine"}, {"id": "69", "name": "gephi__fdse__gephi"}, {"id": "692", "name": "druid-io__fdse__druid"}, {"id": "696", "name": "Dreampie__fdse__Resty"}, {"id": "699", "name": "aNNiMON__fdse__Lightweight-Stream-API"}, {"id": "7", "name": "grails__fdse__grails-core"}, {"id": "70", "name": "BroadleafCommerce__fdse__BroadleafCommerce"}, {"id": "700", "name": "apache__fdse__kylin"}, {"id": "707", "name": "apache__fdse__flink"}, {"id": "709", "name": "naver__fdse__pinpoint"}, {"id": "711", "name": "javaparser__fdse__javaparser"}, {"id": "716", "name": "junit-team__fdse__junit5"}, {"id": "73", "name": "rest-assured__fdse__rest-assured"}, {"id": "734", "name": "embulk__fdse__embulk"}, {"id": "741", "name": "citerus__fdse__dddsample-core"}, {"id": "746", "name": "Swagger2Markup__fdse__swagger2markup"}, {"id": "78", "name": "JodaOrg__fdse__joda-time"}, {"id": "784", "name": "pxb1988__fdse__dex2jar"}, {"id": "79", "name": "hazelcast__fdse__hazelcast"}, {"id": "797", "name": "hankcs__fdse__HanLP"}, {"id": "8", "name": "openzipkin__fdse__zipkin"}, {"id": "80", "name": "hierynomus__fdse__sshj"}, {"id": "800", "name": "square__fdse__keywhiz"}, {"id": "802", "name": "square__fdse__moshi"}, {"id": "815", "name": "h2database__fdse__h2database"}, {"id": "816", "name": "capitalone__fdse__Hygieia"}, {"id": "818", "name": "apache__fdse__groovy"}, {"id": "834", "name": "google__fdse__google-java-format"}, {"id": "838", "name": "yahoo__fdse__mysql_perf_analyzer"}, {"id": "84", "name": "square__fdse__retrofit"}, {"id": "840", "name": "floragunncom__fdse__search-guard"}, {"id": "85", "name": "eclipse__fdse__jetty.project"}, {"id": "850", "name": "b3log__fdse__symphony"}, {"id": "851", "name": "b3log__fdse__solo"}, {"id": "853", "name": "scouter-project__fdse__scouter"}, {"id": "865", "name": "linkedin__fdse__pinot"}, {"id": "9", "name": "liquibase__fdse__liquibase"}, {"id": "921", "name": "apache__fdse__ignite"}, {"id": "927", "name": "bwssytems__fdse__ha-bridge"}, {"id": "93", "name": "sk89q__fdse__WorldEdit"}, {"id": "941", "name": "eclipse__fdse__che"}, {"id": "95", "name": "hibernate__fdse__hibernate-orm"}, {"id": "957", "name": "jfoenixadmin__fdse__JFoenix"}, {"id": "966", "name": "ChrisRM__fdse__material-theme-jetbrains"}, {"id": "970", "name": "Raysmond__fdse__SpringBlog"}]